14,2x Moins Cher,FR
9,AbeBooks,FR
6,Alapage,FR
20,Amazon Allemagne,DE
22,Amazon Angleterre,GB
7,Amazon France,FR
30,Amazon Italy,IT
2,Amazon Marketplace,FR
29,Amazon Spain,ES
58,Amazon USA,US
36,Atosho,FR
63,Back Market,FR
67,Boulanger,FR
3,Boutique eBay,FR
26,BrandAlley,FR
62,Carrefour OnLine,FR
25,cdiscount,FR
13,Clicanddeal,FR
68,Darty,FR
18,eBay Allemagne,DE
39,eBay Australia,AU
54,eBay Belgique FR,BE
40,eBay Canada,CA
42,eBay Canada Fran√ßais,CA
4,eBay France,FR
32,eBay Italy,IT
31,eBay Spain,ES
23,eBay UK,GB
41,eBay USA,US
15,Fnac,FR
45,Fnac Espagne,ES
49,Galeries Lafayette,FR
17,Games,FR
60,Ichiba,JP
24,La Redoute,FR
72,Lazada Malaisie,MY
66,Menlook,FR
44,Mister Good Deal,FR
51,MyMarketplace,FR
69,Oclio,FR
34,one world avenue,FR
46,Otto,DE
11,Oxatis,FR
12,Pixmania,FR
35,Play,GB
5,PriceMinister,FR
52,Privalia,ES
16,Rue du commerce,FR
19,Sandbox,FR
59,Sandboxv2,FR
1000,Scopeo,FR
27,SFR,FR
55,Spartoo Allemagne,DE
57,Spartoo Angleterre,GB
56,Spartoo France,FR
43,Spartoo Italie,IT
53,Tesco,GB
73,TMALL Global,CN
10,Top Annonces,FR
21,Vente du Diable,FR
1001,Villatech,FR
1002,Villatech,FR
64,Wehkamp,NL
47,Zalando Allemagne,DE
61,Zalando Angleterre,GB
37,Zalando France,FR
48,Zalando Italie,IT
50,Zalando Pays-Bas,NL
38,ZekidStore,FR